<?xml version="1.0" encoding="UTF-8"?>
<project-private xmlns="http://www.netbeans.org/ns/project-private/1">
    <editor-bookmarks xmlns="http://www.netbeans.org/ns/editor-bookmarks/2" lastBookmarkId="0"/>
    <open-files xmlns="http://www.netbeans.org/ns/projectui-open-files/2">
        <group>
            <file>file:/E:/wamp/www/CodeIgniter/application/views/home.php</file>
            <file>file:/E:/wamp/www/CodeIgniter/application/views/contacUs.php</file>
            <file>file:/E:/wamp/www/CodeIgniter/application/views/portfolio.php</file>
            <file>file:/E:/wamp/www/CodeIgniter/application/views/aboutUs.php</file>
            <file>file:/E:/wamp/www/CodeIgniter/application/views/header.php</file>
            <file>file:/E:/wamp/www/CodeIgniter/application/controllers/home.php</file>
        </group>
    </open-files>
</project-private>
